,Median Correlation Dimension,IQR,Transportation Mode
0,0.06467890759216112,0.44197180702138095,walk
1,,,run
2,0.5328293345219464,0.24716729777722318,car
3,0.474820922803325,0.26720898305487767,train
4,,,airplane
5,0.38820373653728724,0.16079473818000484,taxi
6,0.3175791892363953,0.30057081104420935,bus
7,0.5181051914903134,0.2732333107909157,subway
8,0.33219578725566107,0.33072011300345844,bike
9,,,boat
10,,,motorcycle
11,0.44039004666197,0.3155897213360415,Unlabelled
